{
    "C4_P05_N2_S2_1.JPG": 22,
    "C1_P10_N1_S3_1.JPG": 21,
    "C2_P01_N3_S3_1.JPG": 45,
    "C2_P01_N1_S4_1.JPG": 58,
    "C1_P04_N3_S3_1.JPG": 41,
    "C4_P04_N4_S2_1.JPG": 18,
    "C3_P01_N2_S3_2.JPG": 17,
    "C1_P03_N2_S3_1.JPG": 40,
    "C3_P05_N3_S2_1.JPG": 17,
    "C1_P10_N1_S5_1.JPG": 51,
    "C3_P03_N1_S3_1.JPG": 38,
    "C1_P12_N1_S5_1.JPG": 34,
    "C1_P03_N1_S4_1.JPG": 53,
    "C2_P07_N2_S2_1.JPG": 18,
    "C1_P11_N2_S3_2.JPG": 30,
    "C4_P03_N1_S4_1.JPG": 45,
    "C1_P10_N2_S3_1.JPG": 29,
    "C2_P01_N2_S2_1.JPG": 29,
    "C1_P08_N3_S3_1.JPG": 37,
    "C1_P06_N1_S3_1.JPG": 35,
    "C1_P06_N3_S3_1.JPG": 38,
    "C1_P02_N2_S3_1.JPG": 23,
    "C1_P05_N2_S4_2.JPG": 47,
    "C3_P03_N2_S4_1.JPG": 49,
    "C2_P04_N3_S2_1.JPG": 21,
    "C1_P02_N1_S5_1.JPG": 48,
    "C1_P03_N3_S2_1.JPG": 25,
    "C2_P03_N2_S3_1.JPG": 22,
    "C1_P12_N1_S2_1.JPG": 14,
    "C2_P07_N1_S6_1.JPG": 52,
    "C4_P04_N1_S3_1.JPG": 25,
    "C1_P11_N2_S4_2.JPG": 40,
    "C1_P12_N1_S3_1.JPG": 20,
    "C1_P08_N2_S4_1.JPG": 49,
    "C1_P11_N1_S3_1.JPG": 27,
    "C4_P08_N1_S5_2.JPG": 54,
    "C3_P01_N1_S5_1.JPG": 41,
    "C1_P04_N1_S4_1.JPG": 61,
    "C3_P06_N4_S3_1.JPG": 40,
    "C1_P06_N1_S4_1.JPG": 48,
    "C4_P07_N1_S3_1.JPG": 42,
    "C2_P05_N3_S3_1.JPG": 28,
    "C1_P11_N2_S4_3.JPG": 40,
    "C1_P06_N1_S5_1.JPG": 57,
    "C4_P01_N2_S2_1.JPG": 16,
    "C2_P02_N1_S3_1.JPG": 35,
    "C3_P06_N2_S3_2.JPG": 39,
    "C4_P02_N4_S2_1.JPG": 15,
    "C4_P03_N1_S3_1.JPG": 33,
    "C1_P03_N1_S4_2.JPG": 48,
    "C4_P08_N1_S3_1.JPG": 35,
    "C1_P05_N4_S3_1.JPG": 31,
    "C4_P08_N1_S4_1.JPG": 45,
    "C4_P08_N2_S2_1.JPG": 24,
    "C2_P02_N1_S4_1.JPG": 47,
    "C4_P04_N2_S2_1.JPG": 19,
    "C1_P03_N1_S2_1.JPG": 29,
    "C3_P06_N1_S3_2.JPG": 39,
    "C3_P04_N1_S4_1.JPG": 34,
    "C4_P07_N3_S3_1.JPG": 38,
    "C1_P12_N2_S3_1.JPG": 18,
    "C3_P02_N1_S2_2.JPG": 20,
    "C1_P02_N2_S2_1.JPG": 25,
    "C2_P08_N3_S3_2.JPG": 22,
    "C4_P07_N1_S3_2.JPG": 40,
    "C1_P03_N1_S3_1.JPG": 45,
    "C1_P11_N1_S4_2.JPG": 38,
    "C3_P03_N3_S3_1.JPG": 37,
    "C3_P04_N1_S5_1.JPG": 40,
    "C4_P08_N3_S3_1.JPG": 30,
    "C1_P03_N2_S2_1.JPG": 21
}